ID,AGG_INCOME
01001,357487212
01003,1539896185
01005,116455613
01007,160000398
01009,305740775
01011,72636399
01013,100462585
01015,796732762
01017,268099421
01019,178222406
01021,343858294
01023,83851815
01025,185068279
01027,92699853
01029,72824134
01031,273335781
01033,348656519
01035,62111748
01037,70990504
01039,213066279
01041,59239112
01043,523879014
01045,325268253
01047,237338921
01049,408569106
01051,527531920
01053,200901043
01055,610613522
01057,97509347
01059,182340860
01061,163501203
01063,48674324
01065,88043883
01067,116682848
01069,372912185
01071,353742473
01073,5213386006
01075,115376631
01077,644928236
01079,237732473
01081,1089645501
01083,594701854
01085,71128350
01087,92717851
01089,2559404978
01091,145823625
01093,209321384
01095,565896288
01097,2550327664
01099,118282053
01101,1756575363
01103,777354438
01105,64602910
01107,117021055
01109,219819611
01111,133945577
01113,351941175
01115,543747921
01117,1584795141
01119,72210759
01121,486578814
01123,273466465
01125,1228025910
01127,406925510
01129,109019183
01131,51262163
01133,151250542
02013,17300169
02016,31250457
02020,3252861721
02050,62592601
02060,4933794
02068,11001092
02070,31943243
02090,1024313881
02100,24787517
02105,17361087
02110,328699758
02122,460433836
02130,77060477
02150,113445992
02158,16923706
02164,6979847
02170,449823220
02180,36901196
02185,92598719
02188,32232062
02195,18785025
02198,31420626
02220,82422462
02230,4449528
02240,43797829
02261,110375623
02275,14722550
02282,3681517
02290,16549495
04001,265599128
04003,874565142
04005,1065001672
04007,350968671
04009,205020368
04011,57880383
04012,152893967
04013,31003277657
04015,1309633162
04017,493824959
04019,6191170475
04021,2366390901
04023,320363250
04025,1544061282
04027,1098663298
05001,126997961
05003,133772995
05005,292300138
05007,1708623157
05009,212402487
05011,70410130
05013,30495702
05015,177058022
05017,89669103
05019,122979467
05021,84995269
05023,209070807
05025,45204635
05027,106666210
05029,105362324
05031,703842328
05033,344404941
05035,252004938
05037,101351823
05039,37428342
05041,66672612
05043,125381879
05045,738188165
05047,102977639
05049,80391343
05051,796884687
05053,138039160
05055,242969893
05057,133025906
05059,232338913
05061,110715225
05063,246369474
05065,67900597
05067,116959594
05069,431965241
05071,149862251
05073,68987700
05075,82199937
05077,45311409
05079,50561047
05081,79271353
05083,126110078
05085,371528649
05087,121064952
05089,87246768
05091,264537011
05093,267494507
05095,40610209
05097,50086302
05099,44851038
05101,36761216
05103,180997500
05105,76052457
05107,124522920
05109,53753677
05111,111593221
05113,100237474
05115,311909548
05117,45840517
05119,3103778305
05121,113051094
05123,170563024
05125,729764928
05127,52152198
05129,62366804
05131,933843239
05133,72976867
05135,142829653
05137,84609122
05139,288294026
05141,85394676
05143,1470285508
05145,545172610
05147,35373927
05149,121125491
06001,15301373724
06003,10116943
06005,316242704
06007,1842475296
06009,404003195
06011,207477575
06013,10969796328
06015,176551819
06017,1807147618
06019,5410291231
06021,192427512
06023,982283088
06025,865019417
06027,112635819
06029,4951113431
06031,813795274
06033,438873902
06035,171156165
06037,80973664611
06039,867028367
06041,4860244837
06043,157144212
06045,821822331
06047,1446103690
06049,70514893
06051,201402359
06053,2963520376
06055,1441933918
06057,1056527095
06059,30190062562
06061,3229275762
06063,229099550
06065,13102350756
06067,10765593040
06069,413459055
06071,12366384686
06073,26505180063
06075,13762367010
06077,4197858427
06079,2454589695
06081,9601860209
06083,4116027751
06085,20857812099
06087,2866272383
06089,1179814942
06091,38616640
06093,237965135
06095,3341112597
06097,5298596539
06099,3290941106
06101,625787363
06103,402324945
06105,91796497
06107,2539609569
06109,621811843
06111,6685643899
06113,1530893386
06115,459537859
08001,2792469336
08003,108386484
08005,5056928928
08007,101877530
08009,13541001
08011,25944406
08013,3074815539
08014,571495488
08015,158062589
08017,10973042
08019,104932133
08021,31836324
08023,20376857
08025,21184511
08027,27987840
08029,251494755
08031,6734453910
08033,8455128
08035,3032635790
08037,682374480
08039,222625806
08041,4471307056
08043,246006203
08045,459648694
08047,67358680
08049,148831865
08051,138183487
08053,4177271
08055,48176755
08057,8003892
08059,4962305868
08061,5787308
08063,71119921
08065,75615215
08067,422437489
08069,2481238757
08071,93041539
08073,47466593
08075,142431333
08077,1065404542
08079,4718337
08081,105166263
08083,164651354
08085,254105919
08087,173425143
08089,116548305
08091,30710765
08093,162626514
08095,34846838
08097,503688169
08099,71701820
08101,888593931
08103,44970853
08105,82326193
08107,272873259
08109,40721130
08111,3379449
08113,63147335
08115,11333684
08117,436993793
08119,200118162
08121,20240999
08123,1719203317
08125,77608569
09001,13544954586
09003,8266665486
09005,1897930651
09007,1911891172
09009,8017532555
09011,2377402088
09013,1413983687
09015,889560455
10001,942596071
10003,4579746236
10005,1514798741
11001,8587572982
12001,1835434042
12003,167177007
12005,1209847775
12007,199724551
12009,4084616052
12011,14285316222
12013,72454817
12015,1373972335
12017,993302467
12019,1280993167
12021,4090394326
12023,460788650
12027,181612290
12029,119519411
12031,6429841492
12033,2044013935
12035,641850604
12037,77845746
12039,250810895
12041,127817138
12043,85670281
12045,107205020
12047,71185729
12049,215983367
12051,263413457
12053,996102470
12055,821083492
12057,10182638504
12059,100141820
12061,1445221961
12063,246498810
12065,81766939
12067,87390942
12069,1952185053
12071,5799541959
12073,1897823998
12075,281518669
12077,43045654
12079,100374400
12081,2590176385
12083,2113071457
12085,1492193679
12086,21309353286
12087,959115774
12089,681623341
12091,1410587721
12093,205861901
12095,6473684579
12097,1231895436
12099,13921364413
12101,3020840706
12103,8479617230
12105,3375350997
12107,486064443
12109,1800899709
12111,2126670153
12113,1203994717
12115,3947179007
12117,3503067656
12119,578151373
12121,283620365
12123,135750877
12125,52683245
12127,3494139560
12129,196271470
12131,635666023
12133,119418098
13001,113585835
13003,51608121
13005,57950819
13007,23822973
13009,295181300
13011,61439965
13013,349324348
13015,664307567
13017,84671475
13019,81422911
13021,1080011490
13023,91407395
13025,87633609
13027,95613515
13029,222351820
13031,400788567
13033,126093825
13035,131217691
13037,60143004
13039,274393988
13043,58310720
13045,745975858
13047,377034485
13049,68658972
13051,2095525282
13053,72748273
13055,140510308
13057,1878664619
13059,660102674
13061,10254999
13063,1346085004
13065,44739410
13067,6175329050
13069,262731443
13071,266741363
13073,1029227447
13075,89446451
13077,956390827
13079,80584606
13081,196485145
13083,78782977
13085,183903534
13087,173910798
13089,5722067918
13091,109489277
13093,70647753
13095,593370724
13097,848394819
13099,57798804
13101,19427483
13103,291437100
13105,159416597
13107,112690514
13109,69932998
13111,178701725
13113,925295520
13115,617050303
13117,1589154445
13119,125346266
13121,10377363945
13123,193993455
13125,10366535
13127,737128569
13129,325292564
13131,125648962
13133,150889966
13135,5321788351
13137,211682581
13139,1110111447
13141,47994034
13143,187029797
13145,290575981
13147,181748031
13149,52804078
13151,1219576830
13153,928750096
13155,65796560
13157,329805327
13159,62658914
13161,91359298
13163,102283229
13165,71993544
13167,44267802
13169,156434605
13171,101035826
13173,53775733
13175,290332114
13177,215136951
13179,287437616
13181,51463342
13183,92270218
13185,695305072
13187,208704189
13189,129260745
13191,122780934
13193,78008575
13195,166082441
13197,39414042
13199,164385111
13201,37116731
13205,114307800
13207,282779096
13209,41376838
13211,118128103
13213,198214113
13215,1243666600
13217,527060114
13219,252447082
13221,62803938
13223,935673867
13225,133537838
13227,261280535
13229,172942270
13231,99150448
13233,407186966
13235,70012671
13237,172642726
13239,9511451
13241,123163178
13243,130587599
13245,1328998124
13247,540108178
13249,22116212
13251,91030229
13253,86774655
13255,331341324
13257,187422302
13259,19495990
13261,194804592
13263,33532369
13265,7286348
13267,118911865
13269,43879837
13271,67054094
13273,51201952
13275,332174642
13277,281505280
13279,219347853
13281,56039688
13283,50303028
13285,441577327
13287,54118232
13289,54541711
13291,166489044
13293,175037988
13295,479887333
13297,466286124
13299,241473490
13301,27035614
13303,107843538
13305,176510535
13307,10836173
13309,27483658
13311,171735829
13313,779985141
13315,26692520
13317,52364247
13319,42017346
13321,122136769
15001,1508464099
15003,7287481709
15005,864589
15007,568163609
15009,1409053211
16001,2991279440
16003,14024153
16005,497559059
16007,32954998
16009,47283375
16011,240599906
16013,208427031
16015,41254229
16017,328261904
16019,694764542
16021,97799570
16023,15314497
16025,7074225
16027,811018905
16029,36159988
16031,103951577
16033,2856576
16035,43402896
16037,30599681
16039,149876089
16041,65552391
16043,80457192
16045,87678419
16047,94438387
16049,74890646
16051,144144057
16053,99794878
16055,977188940
16057,231006111
16059,43463211
16061,13391461
16063,19364772
16065,162705105
16067,151085955
16069,251623600
16071,14633578
16073,48022702
16075,158836697
16077,50431310
16079,80145689
16081,83589881
16083,480378158
16085,117101679
16087,48749452
17001,437623906
17003,34893217
17005,115558482
17007,385592129
17009,44344476
17011,207627746
17013,24003532
17015,88219934
17017,76253281
17019,1452024722
17021,196081353
17023,126024916
17025,74455761
17027,253385682
17029,396304745
17031,48119229873
17033,124549737
17035,55840186
17037,558680781
17039,106055859
17041,138261129
17043,8781033710
17045,121869441
17047,36827724
17049,222141949
17051,124281685
17053,79187070
17055,218297209
17057,216151481
17059,29437829
17061,70621191
17063,349407784
17065,63424830
17067,112845894
17069,29082002
17071,49380718
17073,353210680
17075,170540003
17077,395036421
17079,64562438
17081,204453940
17083,150762414
17085,190598346
17087,59468643
17089,4148817797
17091,636489366
17093,772356734
17095,319964636
17097,6144749980
17099,701222808
17101,104536425
17103,264517336
17105,252311567
17107,160874896
17109,198427109
17111,2192819776
17113,1130637348
17115,728197439
17117,338747634
17119,1951905516
17121,206486131
17123,62109098
17125,87787333
17127,99252626
17129,96000182
17131,104477739
17133,234288442
17135,170488176
17137,230459675
17139,87740916
17141,340365100
17143,1251158197
17145,151600634
17147,117721663
17149,84535556
17151,19127898
17153,29150876
17155,41208230
17157,197030434
17159,94530335
17161,938280986
17163,2010569936
17165,166693248
17167,1582026472
17169,43451822
17171,25891401
17173,131756942
17175,50133722
17177,273549180
17179,921533053
17181,116713975
17183,419864782
17185,69650519
17187,112186858
17189,100470257
17191,96694980
17193,90960967
17195,392399557
17197,4671230798
17199,465609700
17201,2116991187
17203,276720762
18001,212420865
18003,2361843722
18005,570657345
18007,41282700
18009,66990511
18011,647679207
18013,151685218
18015,120750222
18017,254078273
18019,701842537
18021,171202202
18023,211340835
18025,45513230
18027,184228685
18029,374767311
18031,159742344
18033,302121350
18035,688217948
18037,306415958
18039,1162580081
18041,158345051
18043,535411995
18045,115804179
18047,132703875
18049,173481091
18051,219141952
18053,350506319
18055,225036097
18057,2387686232
18059,488235450
18061,244061819
18063,967280132
18065,311748747
18067,532711304
18069,187467063
18071,250787820
18073,197954969
18075,108902559
18077,184992536
18079,156971707
18081,1041469718
18083,281614286
18085,532772829
18087,223283315
18089,3202759580
18091,698899712
18093,321881194
18095,723802213
18097,6345365549
18099,274499028
18101,62577491
18103,240924339
18105,1067122264
18107,216881252
18109,456748712
18111,79375096
18113,289998590
18115,31478165
18117,118552016
18119,109847073
18121,154394085
18123,94117405
18125,76017492
18127,1094181209
18129,230381082
18131,95883685
18133,242377419
18135,175245628
18137,151317335
18139,122929757
18141,1669047770
18143,182962872
18145,284278884
18147,107259889
18149,140166838
18151,233762813
18153,121770256
18155,58861391
18157,1121399094
18159,128448653
18161,38659538
18163,1329672856
18165,105485105
18167,687057584
18169,212719042
18171,68234512
18173,491796575
18175,160002577
18177,375540921
18179,169757017
18181,175509782
18183,229806016
19001,39524201
19003,16445419
19005,87790023
19007,80619452
19009,46108029
19011,187495953
19013,832651358
19015,148453269
19017,145560184
19019,190223307
19021,119121960
19023,76297715
19025,50426708
19027,125451900
19029,86234996
19031,118206483
19033,349509727
19035,84243344
19037,79837137
19039,46832584
19041,136178218
19043,104184810
19045,334833577
19047,185662532
19049,644456044
19051,62359278
19053,32451820
19055,174399224
19057,270586768
19059,153169286
19061,620062374
19063,77252196
19065,124385721
19067,119813351
19069,60516607
19071,42108379
19073,40571749
19075,78192693
19077,73462030
19079,121596615
19081,66501055
19083,113625024
19085,63193616
19087,111392383
19089,56593853
19091,54633280
19093,44605455
19095,104562533
19097,111135466
19099,254431453
19101,153128582
19103,1065028162
19105,149218186
19107,55743553
19109,91975697
19111,195698151
19113,1568057546
19115,75145512
19117,56289025
19119,68778087
19121,113541264
19123,151050717
19125,215063990
19127,268886011
19129,88945699
19131,66105396
19133,55381800
19135,58804772
19137,50153904
19139,319882126
19141,125597980
19143,33956743
19145,105728323
19147,52162584
19149,151736280
19151,36233695
19153,3577428740
19155,666056221
19157,114059721
19159,30051231
19161,54666949
19163,1206034387
19165,81028416
19167,222582200
19169,581042451
19171,96053924
19173,35718514
19175,80197311
19177,39612472
19179,237522843
19181,283070062
19183,148384694
19185,24424006
19187,228030600
19189,71507809
19191,120338345
19193,816453982
19195,40486317
19197,76632550
20001,66237095
20003,42975133
20005,133640291
20007,30288342
20009,214021753
20011,94245086
20013,46945355
20015,415943887
20017,15296749
20019,21190315
20021,116276013
20023,15780278
20025,7669726
20027,76946380
20029,74760527
20031,47105020
20033,9370199
20035,195238937
20037,207431027
20039,22409168
20041,116821488
20043,40197451
20045,825070262
20047,13210596
20049,11567335
20051,228281537
20053,29120224
20055,220080381
20057,209748186
20059,172146134
20061,195730467
20063,11380448
20065,15845585
20067,65493119
20069,33407020
20071,6555185
20073,39995521
20075,10371593
20077,31798512
20079,213936842
20081,17546302
20083,12541269
20085,75096703
20087,99048953
20089,14075144
20091,5242872351
20093,20007848
20095,55685373
20097,11929539
20099,108265665
20101,12105969
20103,525767175
20105,14886357
20107,91409728
20109,18012317
20111,279630075
20113,229422058
20115,61126659
20117,54677026
20119,15531282
20121,273481397
20123,44004450
20125,226461697
20127,33980790
20129,17335805
20131,54256331
20133,110308853
20135,16004154
20137,32210659
20139,88106994
20141,21039142
20143,29580603
20145,64065265
20147,27237159
20149,131882068
20151,62813338
20153,10894946
20155,418489970
20157,27980964
20159,48548704
20161,500587392
20163,22971726
20165,14159961
20167,53634025
20169,419818496
20171,52647987
20173,3207315936
20175,144902660
20177,1149382881
20179,16104979
20181,52172784
20183,22111513
20185,18041980
20187,8343304
20189,35362893
20191,147894333
20193,62185059
20195,23043053
20197,36766238
20199,11388911
20201,24015216
20203,15405945
20205,36033970
20207,7298906
20209,794511335
21001,83371270
21003,115625585
21005,122574598
21007,45984687
21009,225885763
21011,83196752
21013,123466070
21015,885789732
21017,121137488
21019,478492900
21021,193618291
21023,43955720
21025,56869109
21027,91559534
21029,423012267
21031,60873701
21033,120946451
21035,223987733
21037,666959978
21039,22735920
21041,72837559
21043,145390183
21045,85069951
21047,398916296
21049,240476848
21051,97981702
21053,62377765
21055,58915957
21057,44221342
21059,603982288
21061,72335816
21063,38683115
21065,67362665
21067,2331221769
21069,107555744
21071,315705430
21073,351206325
21075,36989044
21077,29760711
21079,97281208
21081,130311169
21083,239976748
21085,198952207
21087,67834630
21089,230907454
21091,36403420
21093,714671920
21095,140425323
21097,108407998
21099,114086983
21101,285404389
21103,81178130
21105,26497665
21107,271154892
21109,79466263
21111,5625483810
21113,378495004
21115,140564551
21117,1121300692
21119,83516938
21121,184268340
21123,85850427
21125,331116756
21127,82906339
21129,32322105
21131,66367211
21133,143736938
21135,72441600
21137,139229879
21139,73035043
21141,152793587
21143,62762376
21145,678530872
21147,73755072
21149,46028031
21151,442695157
21153,62307005
21155,117179758
21157,219187524
21159,70792286
21161,146909849
21163,191859199
21165,25847844
21167,118251453
21169,52479096
21171,68546629
21173,162482164
21175,55614841
21177,186292027
21179,336924298
21181,50306537
21183,157169776
21185,475493017
21187,85124097
21189,25078278
21191,97221314
21193,204478127
21195,389842497
21197,76218186
21199,459969445
21201,11375053
21203,83429486
21205,144738110
21207,94181107
21209,374383382
21211,325315947
21213,94779166
21215,92383933
21217,145159157
21219,58734515
21221,113625244
21223,65410689
21225,81943474
21227,740462679
21229,58089402
21231,113675353
21233,71270788
21235,238543360
21237,41284818
21239,169968764
22001,447266126
22003,180505419
22005,796128658
22007,180240143
22009,284062868
22011,229760740
22013,119460447
22015,927355728
22017,2021907880
22019,1427625384
22021,69707904
22023,69696635
22025,66722798
22027,88818704
22029,119313961
22031,180861845
22033,3996903511
22035,36596971
22037,131830037
22039,222616370
22041,112608792
22043,102256793
22045,644962592
22047,236408462
22049,74516627
22051,3521372089
22053,227157980
22055,2047639626
22057,663752220
22059,110521071
22061,316809698
22063,1009498492
22065,48266312
22067,164497273
22069,239864916
22071,3560022329
22073,1003038968
22075,196723072
22077,178126004
22079,924525216
22081,81007893
22083,111264475
22085,158713574
22087,264147873
22089,390606017
22091,88693210
22093,146462869
22095,295190086
22097,535895808
22099,396458439
22101,336120357
22103,2005125019
22105,934854141
22107,20707797
22109,860097225
22111,140897734
22113,425364539
22115,294507182
22117,279944354
22119,248926764
22121,202866790
22123,92246239
22125,104678240
22127,94559158
23001,695253707
23003,380584034
23005,2737560790
23007,186140755
23009,438429415
23011,834045229
23013,292043923
23015,250286008
23017,289231373
23019,968995860
23021,85489206
23023,277184625
23025,287022360
23027,224292510
23029,158867056
23031,1770583813
24001,403039867
24003,5639642670
24005,7148466054
24009,740333767
24011,173305625
24013,1433339350
24015,795856667
24017,1205857138
24019,280615937
24021,2194007458
24023,180795022
24025,2042453414
24027,3074274555
24029,168340762
24031,11213068749
24033,6445679708
24035,413160395
24037,969178731
24039,139273940
24041,407304116
24043,1012897579
24045,789376727
24047,492835787
24510,5749063012
25001,2700898931
25003,1163120508
25005,4281348523
25007,335215058
25009,7806656435
25011,534128576
25013,3371428232
25015,1278918543
25017,18948449840
25019,158999677
25021,8698324359
25023,5126216277
25025,8937528221
25027,6814371424
26001,38901273
26003,36724839
26005,671120326
26007,154110475
26009,139271621
26011,55311827
26013,31933396
26015,350531254
26017,691292785
26019,66973071
26021,984571923
26023,205032331
26025,767160946
26027,348218811
26029,165034422
26031,147864282
26033,174620298
26035,137647485
26037,473917555
26039,70882757
26041,187174503
26043,153382923
26045,663711939
26047,239461244
26049,2592209493
26051,107984286
26053,90471109
26055,708010478
26057,177454721
26059,219461948
26061,171231112
26063,141424250
26065,1917938149
26067,280305262
26069,147930090
26071,42884030
26073,301644308
26075,1040957457
26077,1688371597
26079,87433083
26081,4168000800
26083,8628691
26085,33956610
26087,477726348
26089,161973599
26091,563506030
26093,1101665906
26095,20312487
26097,58291526
26099,5553991517
26101,118830593
26103,356065226
26105,162470533
26107,198424360
26109,137630209
26111,609355541
26113,48220471
26115,1004571062
26117,274192712
26119,43218805
26121,856219022
26123,199337357
26125,10996008356
26127,97552179
26129,79192194
26131,23338248
26133,83773213
26135,36739332
26137,143963649
26139,1699951387
26141,49851338
26143,120603889
26145,1168249646
26147,995618707
26149,323044599
26151,175073982
26153,26145525
26155,352410851
26157,237212248
26159,470984999
26161,2732080911
26163,11984648213
26165,144440410
27001,62758541
27003,2315101306
27005,145210507
27007,216606499
27009,177053857
27011,20569775
27013,342638998
27015,131303261
27017,167397667
27019,699648611
27021,107136357
27023,72857409
27025,272102344
27027,330048606
27029,33215899
27031,38911030
27033,63552438
27035,409387093
27037,2787038317
27039,91805585
27041,225761199
27043,71827366
27045,86835372
27047,165630549
27049,304756765
27051,24527273
27053,11985099364
27055,76840755
27057,71191073
27059,193860675
27061,228844964
27063,49051052
27065,64201777
27067,217632841
27069,24426505
27071,91850331
27073,31559479
27075,76777039
27077,17482643
27079,116380289
27081,19583721
27083,181934623
27085,186828686
27087,12355352
27089,40728786
27091,131948403
27093,96972504
27095,97546898
27097,169052531
27099,233195786
27101,30082848
27103,150065021
27105,111702631
27107,24424760
27109,1055589409
27111,290522586
27113,77847435
27115,95406120
27117,59595180
27119,169142048
27121,53728890
27123,3889293047
27125,13203206
27127,62628733
27129,76555875
27131,380686781
27133,45930838
27135,68361963
27137,1309029399
27139,884215310
27141,553828532
27143,65371717
27145,818639724
27147,192217286
27149,53798973
27151,52638023
27153,95699595
27155,16589090
27157,130052258
27159,71480367
27161,99952869
27163,1799849140
27165,55485293
27167,31943490
27169,248649630
27171,739978786
27173,49868246
28001,209552793
28003,240273037
28005,84283851
28007,146735582
28009,65756141
28011,172068559
28013,64540836
28015,105612415
28017,113360615
28019,44568113
28021,41615853
28023,95290261
28025,115338803
28027,126155731
28029,200503718
28031,108299235
28033,883056893
28035,533876600
28037,69190301
28039,170619081
28041,76132316
28043,184248832
28045,355473989
28047,1315877050
28049,1622607584
28051,81992385
28053,42460383
28055,12765892
28057,153258591
28059,1119207671
28061,111962169
28063,49827782
28065,71823468
28067,538452890
28069,54736219
28071,384990281
28073,431639239
28075,591449161
28077,83315693
28079,149679899
28081,552729765
28083,196253046
28085,224625674
28087,395812165
28089,964637725
28091,194902012
28093,244019516
28095,210876813
28097,79554435
28099,174187877
28101,190808876
28103,70284643
28105,293693277
28107,255463039
28109,336523916
28111,63210504
28113,213045609
28115,204672885
28117,165359161
28119,34741381
28121,1018810188
28123,177300229
28125,19681198
28127,217024278
28129,159045037
28131,105450600
28133,125086079
28135,70356366
28137,179778940
28139,146694990
28141,116604597
28143,58469920
28145,164118099
28147,121304345
28149,319357030
28151,284680355
28153,181879229
28155,54746687
28157,50386182
28159,183471761
28161,77821120
28163,215967904
29001,155243043
29003,108611350
29005,24058372
29007,146270328
29009,229195004
29011,85627902
29013,79253190
29015,90010952
29017,70229612
29019,1176273209
29021,527322981
29023,291896419
29025,44215312
29027,313743076
29029,297500917
29031,588669431
29033,64859514
29035,45196255
29037,616817779
29039,83188731
29041,40980885
29043,427604536
29045,49361935
29047,1723399251
29049,121055916
29051,525784457
29053,83936639
29055,180386892
29057,33837270
29059,101665107
29061,33709126
29063,53469979
29065,95404760
29067,73752318
29069,166652938
29071,712436711
29073,92244761
29075,26770683
29077,1686592155
29079,52828956
29081,41780934
29083,131716831
29085,45563069
29087,20220576
29089,54561928
29091,214105055
29093,41782767
29095,4876844387
29097,841821326
29099,1313540884
29101,270817286
29103,20459340
29105,194844278
29107,224067274
29109,223559863
29111,51380454
29113,271284181
29115,59576217
29117,84278784
29119,122108309
29121,64084936
29123,79669658
29125,40936216
29127,162906861
29129,16213129
29131,214735753
29133,73329473
29135,68561108
29137,38143354
29139,57043304
29141,128308033
29143,93783146
29145,424594178
29147,101262194
29149,56873437
29151,65937020
29153,40476782
29155,86445683
29157,112576595
29159,203462913
29161,303253578
29163,94753476
29165,820248530
29167,181382668
29169,319345088
29171,25146174
29173,48530683
29175,119987469
29177,125632194
29179,34637850
29181,77130077
29183,2210487345
29185,41977567
29186,111723813
29187,388745772
29189,9385649488
29195,110379126
29197,17283479
29199,43230731
29201,258667253
29203,49951873
29205,22274775
29207,166114675
29209,219909864
29211,29903216
29213,314653870
29215,147060849
29217,130161856
29219,227921904
29221,160062221
29223,83184810
29225,170469844
29227,9596634
29229,139719172
29510,2702975400
30001,71384474
30003,56931922
30005,24286005
30007,35569587
30009,68947126
30011,6758150
30013,599298618
30015,22537007
30017,71845069
30019,12289229
30021,78760290
30023,72880921
30025,26003011
30027,63913115
30029,813856073
30031,746076674
30033,5235695
30035,81829115
30037,3404245
30039,15737659
30041,86598304
30043,70594045
30045,8437851
30047,175820391
30049,499633640
30051,27176704
30053,141425246
30055,10488943
30057,60124103
30059,6348027
30061,23129156
30063,927640756
30065,26786564
30067,125258761
30069,2336993
30071,21396417
30073,29356034
30075,9569102
30077,45889371
30079,5033086
30081,243772237
30083,101866794
30085,42524550
30087,43653025
30089,51259611
30091,25145238
30093,300782579
30095,61552997
30097,21873204
30099,26204995
30101,36801221
30103,2050211
30105,61314370
30107,6710726
30109,3952826
30111,1300414688
31001,244768335
31003,36930322
31005,1942418
31007,5341983
31009,1470516
31011,32632515
31013,91940232
31015,8110901
31017,21465484
31019,290533911
31021,23320820
31023,47849167
31025,171796781
31027,47498875
31029,35326270
31031,42281801
31033,68876784
31035,26172717
31037,68768026
31039,39827498
31041,104427360
31043,113567992
31045,58920084
31047,164304006
31049,9047735
31051,20868208
31053,258751688
31055,4123013023
31057,12113227
31059,26139502
31061,15924676
31063,11730752
31065,21394994
31067,121384780
31069,14053009
31071,7606642
31073,8569567
31075,1939801
31077,6364223
31079,404165318
31081,60921999
31083,17464100
31085,4978590
31087,11316224
31089,67905615
31091,2411748
31093,41353016
31095,38274102
31097,23384704
31099,45184550
31101,53969741
31103,3358864
31105,21412737
31107,32954362
31109,1766981921
31111,279257637
31113,2126947
31115,1831080
31117,2339087
31119,189620470
31121,49075489
31123,25552445
31125,22562313
31127,51711155
31129,19578771
31131,81460189
31133,15936963
31135,18244344
31137,70949776
31139,29629591
31141,216656907
31143,29493129
31145,78613986
31147,50622887
31149,6698450
31151,73266753
31153,1149747113
31155,128187287
31157,270923626
31159,80724252
31161,30396841
31163,14927002
31165,7167663
31167,58569652
31169,38208854
31171,3390191
31173,21232588
31175,24012234
31177,157967922
31179,74787054
31181,14031319
31183,4594608
31185,80497121
32001,153879127
32003,14682010939
32005,439511734
32007,470888847
32009,6240031
32011,18220925
32013,131169802
32015,60311191
32017,62876534
32019,279477194
32021,28562960
32023,249588382
32027,38697776
32029,34207486
32031,3519805691
32033,77864460
32510,409143290
33001,554177288
33003,517844559
33005,627184465
33007,203387260
33009,768382477
33011,3413569458
33013,1096405140
33015,2848629606
33017,970330344
33019,368245592
34001,2076190544
34003,13109126604
34005,3650254797
34007,4282237960
34009,970075818
34011,973901568
34013,8142978800
34015,2227374435
34017,6074521111
34019,1593429990
34021,3603573308
34023,7124943993
34025,7552206151
34027,6048641614
34029,4611485356
34031,4546046977
34033,458084897
34035,3777160756
34037,1368788242
34039,5944826593
34041,905591753
35001,4865740493
35003,20880475
35005,440693417
35006,140335941
35007,88562215
35009,370219323
35011,28853109
35013,1270166050
35015,533859182
35017,275405621
35019,20977036
35021,2959629
35023,13824578
35025,567756703
35027,186514142
35028,214462140
35029,130986714
35031,278105513
35033,31454357
35035,480724538
35037,53324228
35039,264985685
35041,125975252
35043,820206481
35045,855844022
35047,182742834
35049,1189193163
35051,65341658
35053,98598547
35055,222515442
35057,97665812
35059,19925331
35061,458082512
36001,2716864992
36003,193781989
36005,9946017899
36007,1437412119
36009,379595414
36011,461082508
36013,759261343
36015,612192628
36017,270964305
36019,592517557
36021,645914703
36023,299034294
36025,348788798
36027,2870937815
36029,7287759368
36031,315151311
36033,309928457
36035,383152318
36037,362440956
36039,408245085
36041,43749000
36043,386795017
36045,755107991
36047,23150855783
36049,138581107
36051,313187773
36053,427587647
36055,5629516787
36057,298131556
36059,17763755132
36061,41646250131
36063,1443616357
36065,1619009352
36067,3423044772
36069,820246790
36071,3370759792
36073,227604212
36075,628421694
36077,349182452
36079,1118801525
36081,19160318405
36083,1258669144
36085,4409056120
36087,3120582638
36089,807493351
36091,1881781375
36093,1237717791
36095,190013307
36097,115093488
36099,244544222
36101,618901969
36103,16116589575
36105,708804901
36107,404653133
36109,819665340
36111,1782598229
36113,480042640
36115,352247276
36117,486099247
36119,13875218445
36121,257039760
36123,169531411
37001,990853967
37003,215299421
37005,61920107
37007,143128342
37009,207490229
37011,129210651
37013,315980940
37015,108867932
37017,257088246
37019,921957244
37021,1924792811
37023,476857978
37025,1144254234
37027,526073559
37029,60107569
37031,501741107
37033,151295976
37035,974428905
37037,541378084
37039,152752405
37041,102219193
37043,80891996
37045,638482572
37047,458812112
37049,639741042
37051,1660753017
37053,134147921
37055,251156332
37057,1004585380
37059,329390221
37061,315257038
37063,2280174380
37065,317678496
37067,2633645300
37069,331624927
37071,1344565235
37073,67786285
37075,47322873
37077,316192703
37079,109167664
37081,3289130975
37083,401875524
37085,506014041
37087,487974879
37089,715679317
37091,110840311
37093,209465711
37095,35639868
37097,1128896190
37099,283486347
37101,1007279744
37103,46275998
37105,338120202
37107,408236911
37109,492034338
37111,241590441
37113,246934435
37115,145849954
37117,175424213
37119,8167261405
37121,114693294
37123,175256950
37125,708472210
37127,680005888
37129,1612891090
37131,128836519
37133,1181287314
37135,1246715828
37137,68326041
37139,213040288
37141,329468079
37143,92540204
37145,260634098
37147,1148084464
37149,144019664
37151,770407899
37153,319200338
37155,543651799
37157,530419365
37159,897970996
37161,434835721
37163,401096476
37165,136341196
37167,333626575
37169,264941662
37171,427943063
37173,93428051
37175,253239087
37177,20701182
37179,1457606188
37181,286919762
37183,7480090357
37185,117891112
37187,113949163
37189,329487897
37191,687368865
37193,456710998
37195,491701505
37197,252746825
37199,101465989
38001,15686577
38003,114974220
38005,30504054
38007,5929739
38009,52567881
38011,23566573
38013,13375598
38015,693803961
38017,1062230044
38019,33810197
38021,30512949
38023,21291428
38025,35425374
38027,22855321
38029,23800634
38031,13783447
38033,8751860
38035,513923220
38037,10326467
38039,10827518
38041,16179294
38043,23326110
38045,25090306
38047,11822853
38049,42635165
38051,14128306
38053,87500652
38055,62634484
38057,62452186
38059,271776639
38061,105519244
38063,20108393
38065,11393302
38067,51403378
38069,36431087
38071,112637356
38073,34945424
38075,14763418
38077,81688901
38079,66283005
38081,19650623
38083,5758531
38085,12384711
38087,4619332
38089,303124892
38091,12722649
38093,180474816
38095,19093735
38097,57378247
38099,77431212
38101,619951518
38103,22823820
38105,427456917
39001,151029932
39003,666360810
39005,293402263
39007,571306185
39009,354415070
39011,271995838
39013,497518091
39015,296782486
39017,2709525852
39019,202785906
39021,244264536
39023,853862219
39025,1387702995
39027,255567975
39029,754109689
39031,187254246
39033,307582025
39035,9166866696
39037,306125845
39039,238316577
39041,1652426043
39043,653095797
39045,996247685
39047,173151520
39049,9060642597
39051,310376606
39053,185552563
39055,936703117
39057,1195025141
39059,227010649
39061,6950509780
39063,543317530
39065,180727347
39067,97920733
39069,181398291
39071,267488099
39073,152622411
39075,208001601
39077,332036991
39079,236378962
39081,429519686
39083,367239032
39085,1527974206
39087,501785192
39089,1185255779
39091,295955989
39093,1776243737
39095,3083156099
39097,241811433
39099,1510009546
39101,383428479
39103,1250965972
39105,147557880
39107,249990701
39109,727575884
39111,89705126
39113,3456543402
39115,88085787
39117,223450908
39119,515744273
39121,93343423
39123,326058673
39125,109570729
39127,195903229
39129,329012585
39131,201740295
39133,985828628
39135,243530818
39137,193837142
39139,758417180
39141,524079780
39143,394410023
39145,509982140
39147,360043476
39149,365229191
39151,2450780937
39153,4124544432
39155,1355477775
39157,594349833
39159,345855688
39161,187110625
39163,67598951
39165,1891415645
39167,449361041
39169,605811017
39171,212210631
39173,868812135
39175,128504657
40001,73601520
40003,41210056
40005,57376000
40007,34347754
40009,252158560
40011,57766525
40013,192697831
40015,146734110
40017,826120675
40019,284380008
40021,230405627
40023,75973480
40025,13821569
40027,1856005329
40029,35092835
40031,820268530
40033,29777922
40035,51587990
40037,290892902
40039,205224522
40041,190794642
40043,23460752
40045,16454179
40047,388881409
40049,142156448
40051,293968296
40053,22283822
40055,41400846
40057,11395324
40059,13088941
40061,40557848
40063,47937634
40065,182556298
40067,21171569
40069,41761325
40071,200860568
40073,132054220
40075,70759675
40077,50192452
40079,185891415
40081,162499760
40083,387052302
40085,30445532
40087,179854257
40089,138129490
40091,112417035
40093,45752781
40095,68051819
40097,193523358
40099,86794853
40101,356302162
40103,84142049
40105,40747850
40107,44453839
40109,5644381898
40111,173478359
40113,200524734
40115,76848641
40117,61401213
40119,496631869
40121,233311653
40123,168621265
40125,282721471
40127,55993352
40129,18420727
40131,416004597
40133,103605987
40135,149418509
40137,246815100
40139,154607309
40141,38360690
40143,3381550706
40145,286486263
40147,323267546
40149,58937265
40151,75874247
40153,194600163
41001,108600099
41003,604280948
41005,3225536267
41007,289194619
41009,380083702
41011,610352068
41013,126689390
41015,161197737
41017,1455784105
41019,819206447
41021,9448248
41023,45859896
41025,43066803
41027,220703671
41029,1512015787
41031,142973034
41033,659750560
41035,456708804
41037,44520772
41039,2356106810
41041,298661893
41043,788678965
41045,150653298
41047,1960273002
41049,56299265
41051,6546454333
41053,432154453
41055,13281326
41057,211722260
41059,497702885
41061,199228081
41063,32579293
41065,148282916
41067,4036100353
41069,5556259
41071,700172814
42001,487806279
42003,10382435631
42005,351269162
42007,1049180279
42009,220746212
42011,2534871754
42013,799404264
42015,381002285
42017,5480925425
42019,1122243227
42021,729127636
42023,25586385
42025,458056870
42027,1029568692
42029,4520387264
42031,171199627
42033,385672916
42035,175026899
42037,368459368
42039,460733953
42041,1683416600
42043,1984336624
42045,4924904085
42047,163479524
42049,1819460673
42051,750793399
42053,32176305
42055,1001062115
42057,44058705
42059,221272738
42061,213913249
42063,481715795
42065,180599555
42067,104830057
42069,1389818758
42071,3485396355
42073,543803358
42075,773423562
42077,2571711161
42079,2094387743
42081,683123381
42083,224692999
42085,690800907
42087,227586977
42089,1280405097
42091,7674032280
42093,100633017
42095,2216642340
42097,515603917
42099,203389618
42101,12544047311
42103,478195743
42105,72756121
42107,805108001
42109,214030232
42111,380768771
42113,22945193
42115,206835097
42117,180143461
42119,250761923
42121,295731433
42123,224528590
42125,1465326315
42127,312614257
42129,2326370947
42131,126924685
42133,3010153085
44001,492698746
44003,1501294728
44005,910120237
44007,5432031726
44009,1227791222
45001,130484760
45003,1183546570
45005,45402611
45007,1224044399
45009,116160080
45011,153586203
45013,1702095081
45015,1145914430
45017,109279592
45019,3449863064
45021,372198951
45023,201724778
45025,286964752
45027,184417618
45029,251994921
45031,441212114
45033,187027767
45035,949256466
45037,156277607
45039,199337282
45041,976201918
45043,453919614
45045,3097137203
45047,460675121
45049,149922375
45051,1766987029
45053,151417294
45055,397738890
45057,536263729
45059,414458687
45061,80613460
45063,1560877266
45065,55998398
45067,254908375
45069,139554569
45071,265919617
45073,583313232
45075,570191067
45077,646213759
45079,2637032459
45081,129853190
45083,1781122889
45085,595470825
45087,168149311
45089,201863321
45091,1438370734
46003,15044270
46005,117796899
46007,9142354
46009,32773829
46011,241104972
46013,289179904
46015,29978790
46017,3284837
46019,94041773
46021,18242260
46023,36537353
46025,23870350
46027,103408876
46029,181225842
46031,10682013
46033,63353929
46035,141707814
46037,38945664
46039,26373892
46041,16841654
46043,12981580
46045,23092580
46047,39231773
46049,15411717
46051,59267040
46053,16911210
46055,8114486
46057,24921171
46059,24360837
46061,12623649
46063,5447147
46065,140294322
46067,48086774
46069,6030076
46071,17509838
46073,17555111
46075,2885181
46077,31491996
46079,93645488
46081,167062450
46083,460611131
46085,13229065
46087,29705447
46089,12577592
46091,19783393
46093,163991896
46095,4687629
46097,15337623
46099,1124922083
46101,39444158
46102,43285029
46103,700974536
46105,15785824
46107,10726439
46109,56744269
46111,15142665
46115,35358669
46117,17686427
46119,16667871
46121,25906713
46123,35325245
46125,36510063
46127,91193697
46129,48707043
46135,181136162
46137,5167154
47001,523811754
47003,320114510
47005,82227791
47007,82145710
47009,942901673
47011,776722811
47013,287991742
47015,104165242
47017,164703475
47019,311261861
47021,184258400
47023,94248313
47025,169530601
47027,34081111
47029,219446765
47031,344799115
47033,74632079
47035,280628899
47037,5494014886
47039,70308237
47041,181425956
47043,327178796
47045,328496862
47047,285737987
47049,87243625
47051,261486557
47053,293050739
47055,161168973
47057,120398426
47059,477426526
47061,55132212
47063,410518676
47065,2837348458
47067,24494754
47069,113038382
47071,213758112
47073,349300003
47075,108918936
47077,161325761
47079,271194273
47081,107613592
47083,31856125
47085,123010355
47087,46886737
47089,341431553
47091,98638439
47093,2804681761
47095,33006550
47097,120731059
47099,207155413
47101,71927830
47103,220127221
47105,403507953
47107,317216511
47109,137870817
47111,128457870
47113,582995402
47115,165260971
47117,211186046
47119,554939173
47121,45164514
47123,271154247
47125,1031839508
47127,52683888
47129,109561549
47131,183408077
47133,107757088
47135,52369226
47137,32861597
47139,114671655
47141,493296115
47143,190626510
47145,378778666
47147,392603377
47149,1631195855
47151,233492697
47153,72363069
47155,583645941
47157,6743301405
47159,108610071
47161,73207721
47163,937882602
47165,1188027215
47167,385532050
47169,56928649
47171,122037331
47173,115821881
47175,27692423
47177,253494513
47179,981600326
47181,87499384
47183,157998049
47185,133625029
47187,1939898375
47189,837996623
48001,364119854
48003,171910881
48005,598012341
48007,299665704
48009,62613277
48011,13013950
48013,387408889
48015,243314720
48017,48942068
48019,160574265
48021,666721859
48023,55891604
48025,220724953
48027,2172851636
48029,12268806562
48031,105817313
48033,12481354
48035,120077450
48037,807968325
48039,2671852258
48041,1440614439
48043,70585983
48045,3950173
48047,39567718
48049,244670733
48051,142007555
48053,428678918
48055,247288511
48057,173031582
48059,94632115
48061,1958021542
48063,69345120
48065,37125489
48067,233998068
48069,64680672
48071,297269621
48073,310375371
48075,56056297
48077,73580789
48079,12615838
48081,31624135
48083,85428528
48085,8482069628
48087,15673789
48089,214410923
48091,1050692927
48093,86866175
48095,18237339
48097,306735699
48099,424753034
48101,9706344
48103,36935387
48105,41476364
48107,24564893
48109,13653307
48111,39697187
48113,20230858555
48115,99796057
48117,116786909
48119,25172108
48121,5931219866
48123,196444445
48125,10771235
48127,90989704
48129,18241155
48131,99180507
48133,174188642
48135,1515910028
48137,30531937
48139,1128225577
48141,4678887714
48143,342663705
48145,76048044
48147,178529375
48149,250939014
48151,32394673
48153,41217174
48155,5240660
48157,4834160574
48159,96633896
48161,116221960
48163,149651259
48165,163346406
48167,2768755723
48169,55598128
48171,220935393
48173,14841018
48175,68612332
48177,131916020
48179,169503347
48181,871280692
48183,964010594
48185,192915162
48187,956732815
48189,195463639
48191,16899732
48193,80434123
48195,35551237
48197,21453699
48199,507729838
48201,33911067801
48203,594798915
48205,29678114
48207,31901096
48209,1328324474
48211,29812260
48213,613408388
48215,3964231655
48217,167236758
48219,131297736
48221,445392438
48223,213465082
48225,122994880
48227,271919629
48229,19881091
48231,516568598
48233,169348253
48235,10821112
48237,55991773
48239,111470167
48241,254795344
48243,14774637
48245,2052475058
48247,26744369
48249,372416589
48251,1121830905
48253,123441576
48255,138583105
48257,701624537
48259,433388480
48261,3381885
48263,4379916
48265,409710401
48267,46080077
48269,2159559
48271,18595614
48273,205356503
48275,14931544
48277,313503809
48279,75557060
48281,128991172
48283,83472208
48285,158604066
48287,135054211
48289,195212286
48291,614817815
48293,130558053
48295,12684807
48297,93468582
48299,233606341
48301,1199019
48303,2068983703
48305,28435213
48307,62174148
48309,1589629078
48311,6877546
48313,82809027
48315,74291764
48317,37265357
48319,29546253
48321,333628617
48323,307096772
48325,364435770
48327,20601429
48329,1875664094
48331,148674874
48333,38485117
48335,58787553
48337,162668861
48339,4861813391
48341,127775207
48343,100005186
48345,5196339
48347,432449010
48349,277063201
48351,110932930
48353,111761544
48355,2677090435
48357,80846449
48359,15421330
48361,697587895
48363,214649976
48365,206350785
48367,978336851
48369,60561584
48371,112176963
48373,337072779
48375,776163895
48377,38701093
48379,46548224
48381,1086783172
48383,25224581
48385,20584756
48387,90959584
48389,89524289
48391,52669710
48393,4106265
48395,111882147
48397,670671005
48399,76051542
48401,368657550
48403,79670642
48405,72599790
48407,232118275
48409,430834881
48411,29809988
48413,26321724
48415,130252497
48417,21361885
48419,172841257
48421,11137450
48423,1581153413
48425,66625502
48427,301220506
48429,68879128
48431,6561683
48433,8504050
48435,29556492
48437,45824834
48439,15538023152
48441,1020512182
48443,5937138
48445,133126667
48447,10175417
48449,172665926
48451,1056871392
48453,10183099198
48455,82723391
48457,139020831
48459,307268906
48461,16348338
48463,177579372
48465,315119407
48467,428783186
48469,778889346
48471,406022293
48473,294981361
48475,85777756
48477,347892538
48479,1097658415
48481,329125036
48483,29010447
48485,872893893
48487,86866823
48489,91376335
48491,3674510484
48493,335445693
48495,55269491
48497,481184779
48499,353611811
48501,55215392
48503,157446196
48505,89763832
48507,64191487
49001,33487566
49003,251815007
49005,580327283
49007,95460858
49009,5719607
49011,1884797003
49013,63279954
49015,46277424
49017,25343906
49019,72739656
49021,248839880
49023,40539069
49025,49635117
49027,61918157
49029,54323545
49031,6018883
49033,8960067
49035,7562943549
49037,61202401
49039,115930918
49041,89801502
49043,553924104
49045,310146248
49047,277915316
49049,2951458983
49051,168630249
49053,879563371
49055,12128859
49057,1313968163
50001,212177508
50003,318939092
50005,165912029
50007,1240364398
50009,18745985
50011,358675777
50013,54979236
50015,153680282
50017,139822229
50019,118575086
50021,401607233
50023,432495327
50025,305957309
50027,503747318
51001,277566601
51003,983043998
51005,88991606
51007,91975364
51009,182788708
51011,104757189
51013,3641980840
51015,693367601
51017,56279404
51019,554670641
51021,42555742
51023,290658067
51025,96548298
51027,148071714
51029,90373272
51031,370608684
51033,215819777
51035,200052560
51036,47412320
51037,66663834
51041,2186292584
51043,147561386
51045,33095822
51047,317055428
51049,71993311
51051,135237848
51053,202529048
51057,83910361
51059,12191575578
51061,632317928
51063,90623824
51065,176430993
51067,412748491
51069,612797913
51071,121016242
51073,294040022
51075,270324155
51077,96965539
51079,132369010
51081,39951909
51083,232528358
51085,701666380
51087,2501346266
51089,321156008
51091,16436058
51093,237166850
51095,653732417
51097,40422655
51099,163622194
51101,108256999
51103,100001590
51105,150866570
51107,3327920069
51109,270661743
51111,50500911
51113,111343537
51115,118802906
51117,193898519
51119,98414924
51121,829082211
51125,170360976
51127,168050310
51131,85613953
51133,134079635
51135,108888091
51137,263015228
51139,155406024
51141,116100498
51143,351815155
51145,193364094
51147,128879886
51149,261381551
51153,3397440399
51155,260764631
51157,57645760
51159,49551347
51161,668597131
51163,226324281
51165,468807225
51167,218477044
51169,132115366
51171,265203331
51173,214955727
51175,98167441
51177,798119773
51179,964763842
51181,45307473
51183,61673988
51185,368840501
51187,270487825
51191,328149735
51193,178612334
51195,245663737
51197,239617292
51199,534381445
51510,1861579991
51520,113666527
51530,38972808
51540,399731350
51550,1603805653
51570,97149392
51580,42543946
51590,256712243
51595,41310474
51600,231076411
51610,198890927
51620,57025804
51630,221587781
51640,69109276
51650,954433265
51660,251720626
51670,147893500
51678,43513154
51680,476946244
51683,316305942
51685,104272490
51690,98221494
51700,1150077964
51710,1645235040
51720,22617077
51730,201223794
51735,123351509
51740,608492167
51750,114765877
51760,1717348744
51770,674318831
51775,231792343
51790,183939106
51800,633407640
51810,3627261431
51820,131921229
51830,95842413
51840,219431457
53001,85116062
53003,158785273
53005,1411171493
53007,622788377
53009,459661474
53011,3258661795
53013,29910993
53015,750262433
53017,239964588
53019,41712599
53021,534469059
53023,9317222
53025,501152049
53027,534290412
53029,666669104
53031,281511740
53033,24047997155
53035,2064039546
53037,264745437
53039,151402231
53041,471924612
53043,51058872
53045,531541388
53047,331939989
53049,116168376
53051,87521482
53053,6282275557
53055,114281633
53057,722051866
53059,73646196
53061,6360530538
53063,3257519191
53065,230250635
53067,1901722819
53069,37002510
53071,426617396
53073,1445843494
53075,215185915
53077,1502680775
54001,103567919
54003,795540045
54005,134751032
54007,93075394
54009,157426795
54011,713982243
54013,48766090
54015,43361549
54017,56494188
54019,291574396
54021,46437825
54023,69556611
54025,277336634
54027,139082879
54029,207862800
54031,103353324
54033,481467398
54035,216063654
54037,342245732
54039,1595186187
54041,89946642
54043,166185636
54045,244155245
54047,107023115
54049,403017946
54051,228909447
54053,177259254
54055,386750696
54057,153107254
54059,164409120
54061,1004442748
54063,82485809
54065,133563750
54067,241307778
54069,382326400
54071,48426949
54073,49229188
54075,49733933
54077,211788912
54079,452375189
54081,533871259
54083,214701713
54085,52650012
54087,85407147
54089,75748352
54091,123784161
54093,40372515
54095,57252572
54097,150660070
54099,287796032
54101,46770829
54103,106513811
54105,42254734
54107,585552468
54109,134951934
55001,83818092
55003,67083054
55005,238060355
55007,48533006
55009,1682077701
55011,49470093
55013,46486551
55015,269831478
55017,316534332
55019,119609524
55021,302605355
55023,63527977
55025,3813385007
55027,411002694
55029,187078204
55031,242603116
55033,219875132
55035,658910010
55037,30910599
55039,593535785
55041,32793528
55043,197404678
55045,171906188
55047,99399009
55049,123843162
55051,24445805
55053,76674436
55055,426102698
55057,113507442
55059,1169111157
55061,84841494
55063,765433993
55065,54149654
55067,95195937
55069,138704921
55071,433033004
55073,832318643
55075,241627504
55077,51402255
55078,13718386
55079,6398475655
55081,193690581
55083,165209505
55085,225479184
55087,1173166536
55089,968666184
55091,23706252
55093,201713755
55095,167812339
55097,347196425
55099,86024800
55101,1444695533
55103,79102164
55105,896135522
55107,52959926
55109,518548920
55111,281164328
55113,90270639
55115,165256905
55117,528216498
55119,75990718
55121,95035582
55123,148088849
55125,109122358
55127,723879715
55129,62760429
55131,1006099267
55133,3615181653
55135,315294973
55137,101150872
55139,1115040321
55141,458211931
56001,263507219
56003,50623339
56005,435691498
56007,110342188
56009,139543268
56011,59669504
56013,243438591
56015,90608958
56017,25984104
56019,83803595
56021,753117813
56023,139595041
56025,591367183
56027,18152448
56029,290696374
56031,120939758
56033,234598260
56035,76216217
56037,364261577
56039,416288928
56041,173946998
56043,55949840
56045,54908219
72001,45251608
72003,124087869
72005,218661682
72007,134244042
72009,65645714
72011,83155254
72013,311424637
72015,57485696
72017,85288346
72019,80564803
72021,807038882
72023,190169796
72025,665229349
72027,107221592
72029,156423246
72031,800756194
72033,81571013
72035,197137313
72037,42552989
72039,44612058
72041,120000662
72043,123728839
72045,50767663
72047,111633084
72049,3570922
72051,178988001
72053,127005626
72054,30196621
72055,55180356
72057,167216163
72059,49418121
72061,769646879
72063,228710998
72065,147776979
72067,55591730
72069,230611766
72071,140707482
72073,43147736
72075,160547520
72077,132262875
72079,63654913
72081,84433632
72083,22648508
72085,124881508
72087,78727727
72089,64444257
72091,124299144
72093,10350789
72095,44864002
72097,308379752
72099,101029731
72101,87702088
72103,125502868
72105,128260997
72107,56750476
72109,57574586
72111,46096301
72113,598622752
72115,84907914
72117,48413171
72119,185287692
72121,81766063
72123,85904351
72125,111115385
72127,2441273045
72129,153165479
72131,107119168
72133,81598242
72135,293792435
72137,300122454
72139,356644780
72141,75637229
72143,143995626
72145,203755283
72147,33563181
72149,63277367
72151,108263142
72153,110457161
